COUNTRY,AVG_SALARY_MIN,AVG_SALARY_MAX
Romania,4505.165289,9655.991736
Bulgaria,2469.767442,6230.620155
